{
	"total_wins": 79,
	"bat_avg": 159.53435114503816,
	"cede_avg": 151.06870229007635,
	"wickets_avg": 6.259541984732825,
	"overs_bat_avg": [
		5.152671755725191, 7.206106870229007, 7.786259541984733,
		8.290076335877863, 8.702290076335878, 8.755725190839694,
		6.938931297709924, 7.404580152671755, 7.480916030534351,
		6.885496183206107, 7.442748091603053, 7.854961832061068,
		7.549618320610687, 8.282442748091603, 8.49618320610687,
		8.442748091603054, 9.358778625954198, 9.145038167938932,
		9.198473282442748, 9.091603053435115, 0.06870229007633588, 0.0, 0.0,
		0.0, 0.0, 0.0, 0.0, 0.0, 0.0, 0.0
	],
	"overs_cede_avg": [
		6.0458015267175576, 6.885496183206107, 7.885496183206107,
		8.282442748091603, 8.198473282442748, 8.259541984732824,
		6.702290076335878, 6.847328244274809, 7.152671755725191,
		7.122137404580153, 7.343511450381679, 7.717557251908397,
		7.519083969465649, 7.67175572519084, 7.99236641221374,
		7.603053435114504, 8.297709923664122, 8.16030534351145,
		8.282442748091603, 7.290076335877862, 0.07633587786259542, 0.0, 0.0,
		0.0, 0.0, 0.0, 0.0, 0.0, 0.0, 0.0
	],
	"overs_wickets_sum": [
		23, 28, 40, 31, 39, 39, 27, 24, 32, 32, 36, 33, 37, 36, 47, 42, 53, 61,
		76, 83, 1, 0, 0, 0, 0, 0, 0, 0, 0, 0
	],
	"balls_bat_avg": [
		0.8416666666666667, 0.65, 0.8916666666666667, 1.1583333333333334, 0.825,
		1.0, 1.3333333333333333, 1.1916666666666667, 1.025, 1.2416666666666667,
		1.125, 1.475, 1.3333333333333333, 1.3333333333333333,
		1.2416666666666667, 1.45, 1.425, 1.35, 1.6166666666666667,
		1.3083333333333333, 1.4333333333333333, 1.55, 1.1666666666666667,
		1.3416666666666666, 1.5666666666666667, 1.4916666666666667,
		1.7833333333333334, 1.5166666666666666, 1.5166666666666666,
		1.5666666666666667, 1.6666666666666667, 1.6833333333333333, 1.4,
		1.6916666666666667, 1.5416666666666667, 1.3833333333333333, 1.4,
		1.1083333333333334, 1.3, 1.2916666666666667, 1.0166666666666666, 1.275,
		1.2, 1.4916666666666667, 1.3916666666666666, 1.2833333333333334,
		1.0583333333333333, 1.2333333333333334, 1.5666666666666667, 1.2, 1.35,
		1.2666666666666666, 1.2833333333333334, 1.3666666666666667,
		1.1916666666666667, 1.3583333333333334, 1.3, 1.0166666666666666,
		1.4333333333333333, 1.1083333333333334, 1.2083333333333333,
		1.5166666666666666, 1.2166666666666666, 1.4416666666666667, 1.175,
		1.3666666666666667, 1.3333333333333333, 1.2916666666666667,
		1.4583333333333333, 1.3333333333333333, 1.4916666666666667,
		1.3333333333333333, 1.3166666666666667, 1.3666666666666667,
		1.3666666666666667, 1.375, 1.5, 1.25, 1.35, 1.5666666666666667,
		1.1333333333333333, 1.3166666666666667, 1.3583333333333334,
		1.7166666666666666, 1.6333333333333333, 1.7833333333333334,
		1.3333333333333333, 1.5416666666666667, 1.6333333333333333,
		1.4333333333333333, 1.4, 1.425, 1.4083333333333334, 1.475, 1.4,
		1.5833333333333333, 1.6, 1.475, 1.6, 1.525, 1.375, 1.7166666666666666,
		1.8, 1.7833333333333334, 1.5583333333333333, 1.55, 1.65, 1.45,
		1.5083333333333333, 1.6, 1.6, 1.4333333333333333, 1.6,
		1.6083333333333334, 1.4416666666666667, 1.8583333333333334,
		1.7833333333333334, 1.5166666666666666, 1.4833333333333334, 1.625,
		1.725, 1.3833333333333333, 1.3083333333333333, 0.75, 0.4083333333333333,
		0.39166666666666666, 0.2833333333333333, 0.18333333333333332, 0.05,
		0.016666666666666666, 0.025, 0.05, 0.0, 0.0, 0.0, 0.0, 0.0, 0.0, 0.0,
		0.0, 0.0, 0.0, 0.0, 0.0, 0.0, 0.0, 0.0, 0.0, 0.0, 0.0, 0.0, 0.0, 0.0,
		0.0, 0.0, 0.0, 0.0, 0.0, 0.0, 0.0, 0.0, 0.0, 0.0, 0.0, 0.0, 0.0, 0.0,
		0.0, 0.0, 0.0, 0.0, 0.0, 0.0, 0.0, 0.0, 0.0, 0.0, 0.0, 0.0, 0.0, 0.0,
		0.0, 0.0, 0.0, 0.0, 0.0, 0.0, 0.0, 0.0, 0.0, 0.0, 0.0, 0.0, 0.0, 0.0,
		0.0, 0.0, 0.0, 0.0, 0.0
	],
	"balls_cede_avg": [
		0.8583333333333333, 0.825, 0.925, 1.3166666666666667,
		1.0916666666666666, 1.25, 1.1083333333333334, 1.15, 1.2583333333333333,
		1.3583333333333334, 1.375, 0.95, 1.3, 1.4, 1.3333333333333333,
		1.5166666666666666, 1.4166666666666667, 1.4083333333333334,
		1.2833333333333334, 1.425, 1.4833333333333334, 1.4, 1.2583333333333333,
		1.4833333333333334, 1.7166666666666666, 1.475, 1.1416666666666666,
		1.3583333333333334, 1.6166666666666667, 1.6916666666666667,
		1.2333333333333334, 1.475, 1.5, 1.6, 1.4916666666666667, 1.4,
		1.3166666666666667, 1.1, 1.3666666666666667, 1.1833333333333333, 1.125,
		1.2333333333333334, 1.2083333333333333, 1.15, 1.1916666666666667,
		1.1333333333333333, 1.2166666666666666, 1.4, 1.1583333333333334,
		1.0666666666666667, 1.45, 1.4166666666666667, 1.3083333333333333,
		1.0916666666666666, 1.175, 1.05, 0.9583333333333334, 1.1166666666666667,
		1.3166666666666667, 1.4333333333333333, 1.425, 1.25, 1.125, 1.425,
		1.2333333333333334, 1.4833333333333334, 1.3833333333333333,
		1.2916666666666667, 1.3416666666666666, 1.3166666666666667, 1.4,
		1.3416666666666666, 1.5416666666666667, 1.0583333333333333,
		1.3583333333333334, 1.425, 1.3083333333333333, 1.325,
		1.2916666666666667, 1.4583333333333333, 1.6083333333333334, 1.15,
		1.1916666666666667, 1.2166666666666666, 1.5333333333333334, 1.45,
		1.3833333333333333, 1.4166666666666667, 1.375, 1.425,
		1.5666666666666667, 1.4333333333333333, 1.3416666666666666,
		1.3833333333333333, 1.275, 1.4083333333333334, 1.1583333333333334,
		1.475, 1.3083333333333333, 1.375, 1.6, 1.45, 1.3333333333333333,
		1.4333333333333333, 1.3833333333333333, 1.4416666666666667,
		1.3666666666666667, 1.5166666666666666, 1.4833333333333334,
		1.3416666666666666, 1.5583333333333333, 1.5416666666666667,
		1.4416666666666667, 1.0666666666666667, 1.775, 1.175,
		1.5333333333333334, 1.3, 1.3916666666666666, 1.5, 1.1333333333333333,
		1.1833333333333333, 0.975, 0.6833333333333333, 0.38333333333333336, 0.3,
		0.15, 0.05, 0.058333333333333334, 0.058333333333333334,
		0.008333333333333333, 0.0, 0.0, 0.0, 0.0, 0.0, 0.0, 0.0, 0.0, 0.0, 0.0,
		0.0, 0.0, 0.0, 0.0, 0.0, 0.0, 0.0, 0.0, 0.0, 0.0, 0.0, 0.0, 0.0, 0.0,
		0.0, 0.0, 0.0, 0.0, 0.0, 0.0, 0.0, 0.0, 0.0, 0.0, 0.0, 0.0, 0.0, 0.0,
		0.0, 0.0, 0.0, 0.0, 0.0, 0.0, 0.0, 0.0, 0.0, 0.0, 0.0, 0.0, 0.0, 0.0,
		0.0, 0.0, 0.0, 0.0, 0.0, 0.0, 0.0, 0.0, 0.0, 0.0, 0.0, 0.0, 0.0, 0.0,
		0.0, 0.0, 0.0
	],
	"balls_wickets_sum": [
		2, 5, 6, 3, 4, 2, 2, 2, 5, 7, 2, 8, 5, 10, 9, 3, 5, 7, 5, 6, 8, 6, 4, 4,
		4, 4, 3, 5, 8, 5, 10, 7, 8, 7, 5, 11, 2, 5, 5, 3, 3, 5, 6, 5, 2, 3, 2,
		2, 5, 7, 7, 9, 3, 4, 2, 5, 2, 7, 8, 5, 4, 8, 6, 4, 5, 7, 7, 2, 6, 3, 7,
		3, 9, 8, 5, 5, 2, 9, 8, 7, 4, 4, 5, 7, 9, 11, 6, 9, 4, 8, 7, 5, 12, 6,
		8, 9, 5, 6, 3, 8, 10, 7, 5, 11, 10, 12, 12, 7, 10, 12, 7, 11, 8, 16, 11,
		10, 12, 17, 17, 12, 11, 9, 7, 9, 2, 4, 2, 1, 3, 0, 0, 0, 0, 0, 0, 0, 0,
		0, 0, 0, 0, 0, 0, 0, 0, 0, 0, 0, 0, 0, 0, 0, 0, 0, 0, 0, 0, 0, 0, 0, 0,
		0, 0, 0, 0, 0, 0, 0, 0, 0, 0, 0, 0, 0, 0, 0, 0, 0, 0, 0, 0, 0, 0, 0, 0,
		0, 0, 0, 0, 0, 0, 0, 0, 0, 0, 0, 0, 0, 0, 0
	],
	"years": [
		"2007/08",
		"2009",
		"2009/10",
		"2011",
		"2012",
		"2013",
		"2014",
		"2015"
	],
	"recorded_matches": 131,
	"team": "CSK"
}
