{
	"total_wins": 60,
	"bat_avg": 151.3008130081301,
	"cede_avg": 153.47967479674796,
	"wickets_avg": 5.7317073170731705,
	"overs_bat_avg": [
		5.780487804878049, 6.682926829268292, 7.9105691056910565,
		7.430894308943089, 7.804878048780488, 7.365853658536586,
		5.991869918699187, 7.308943089430894, 7.504065040650406,
		6.959349593495935, 7.829268292682927, 7.195121951219512,
		7.617886178861789, 7.9105691056910565, 7.878048780487805,
		8.674796747967479, 8.422764227642276, 9.008130081300813,
		8.398373983739837, 7.382113821138211, 0.24390243902439024, 0.0, 0.0,
		0.0, 0.0, 0.0, 0.0, 0.0, 0.0, 0.0
	],
	"overs_cede_avg": [
		5.7560975609756095, 7.560975609756097, 7.430894308943089,
		7.40650406504065, 8.073170731707316, 8.073170731707316,
		6.926829268292683, 7.853658536585366, 7.658536585365853,
		7.08130081300813, 7.365853658536586, 7.211382113821138,
		7.544715447154472, 7.284552845528455, 8.268292682926829,
		8.341463414634147, 9.300813008130081, 8.268292682926829,
		8.325203252032521, 7.67479674796748, 0.25203252032520324, 0.0, 0.0, 0.0,
		0.0, 0.0, 0.0, 0.0, 0.0, 0.0
	],
	"overs_wickets_sum": [
		26, 21, 23, 35, 25, 36, 28, 20, 35, 26, 33, 34, 26, 35, 31, 31, 46, 55,
		60, 77, 2, 0, 0, 0, 0, 0, 0, 0, 0, 0
	],
	"balls_bat_avg": [
		0.5416666666666666, 0.825, 0.8083333333333333, 1.225,
		1.1666666666666667, 1.1333333333333333, 1.025, 0.8666666666666667,
		0.8166666666666667, 1.3833333333333333, 1.0583333333333333, 1.175, 1.25,
		1.05, 1.475, 1.1916666666666667, 1.5916666666666666, 1.2583333333333333,
		1.05, 1.3416666666666666, 1.3, 1.275, 1.0416666666666667,
		1.2833333333333334, 1.2083333333333333, 1.225, 1.2416666666666667, 1.35,
		1.0583333333333333, 1.3916666666666666, 1.4, 1.15, 1.0666666666666667,
		1.3583333333333334, 1.2333333333333334, 1.4333333333333333,
		1.0416666666666667, 0.925, 1.1416666666666666, 0.9833333333333333,
		1.125, 0.8833333333333333, 1.2166666666666666, 1.1583333333333334,
		1.1916666666666667, 1.2333333333333334, 1.05, 1.2, 1.2916666666666667,
		1.2916666666666667, 1.3416666666666666, 1.0916666666666666,
		1.0916666666666666, 1.25, 1.1333333333333333, 1.3, 1.0,
		1.3916666666666666, 1.1, 1.1833333333333333, 1.3, 1.2166666666666666,
		1.2416666666666667, 1.45, 1.4583333333333333, 1.3333333333333333,
		1.2833333333333334, 1.1, 1.225, 1.25, 1.1916666666666667,
		1.0416666666666667, 1.2083333333333333, 0.9833333333333333, 1.175, 1.4,
		1.3416666666666666, 1.1333333333333333, 1.1333333333333333, 1.4, 1.45,
		1.1833333333333333, 1.3833333333333333, 1.225, 1.325,
		1.4333333333333333, 1.2333333333333334, 1.125, 1.2416666666666667, 1.05,
		1.65, 1.7083333333333333, 1.2666666666666666, 1.675, 1.4, 1.6,
		1.2583333333333333, 1.1, 1.325, 1.3333333333333333, 1.5666666666666667,
		1.3083333333333333, 1.2833333333333334, 1.125, 1.2333333333333334,
		1.5916666666666666, 1.525, 1.3583333333333334, 1.2333333333333334,
		1.4416666666666667, 1.6083333333333334, 1.6166666666666667,
		1.3916666666666666, 1.45, 1.5583333333333333, 1.2583333333333333,
		1.3916666666666666, 1.425, 1.0583333333333333, 1.125,
		1.2833333333333334, 1.125, 0.9916666666666667, 0.925,
		0.5833333333333334, 0.19166666666666668, 0.21666666666666667,
		0.18333333333333332, 0.1, 0.15, 0.025, 0.008333333333333333,
		0.016666666666666666, 0.03333333333333333, 0.0, 0.0, 0.0, 0.0, 0.0, 0.0,
		0.0, 0.0, 0.0, 0.0, 0.0, 0.0, 0.0, 0.0, 0.0, 0.0, 0.0, 0.0, 0.0, 0.0,
		0.0, 0.0, 0.0, 0.0, 0.0, 0.0, 0.0, 0.0, 0.0, 0.0, 0.0, 0.0, 0.0, 0.0,
		0.0, 0.0, 0.0, 0.0, 0.0, 0.0, 0.0, 0.0, 0.0, 0.0, 0.0, 0.0, 0.0, 0.0,
		0.0, 0.0, 0.0, 0.0, 0.0, 0.0, 0.0, 0.0, 0.0, 0.0, 0.0, 0.0, 0.0, 0.0,
		0.0, 0.0, 0.0, 0.0
	],
	"balls_cede_avg": [
		0.7916666666666666, 0.8833333333333333, 0.9, 1.0083333333333333,
		1.1083333333333334, 0.7833333333333333, 1.2166666666666666,
		0.9916666666666667, 1.075, 1.325, 1.2, 1.5083333333333333, 1.125,
		1.1916666666666667, 1.1833333333333333, 1.1833333333333333,
		1.2833333333333334, 1.3333333333333333, 1.2833333333333334,
		1.0916666666666666, 1.1666666666666667, 1.2166666666666666,
		1.0333333333333334, 1.1583333333333334, 1.3833333333333333,
		1.5666666666666667, 1.125, 1.325, 1.0666666666666667,
		1.4583333333333333, 1.425, 1.3916666666666666, 1.4583333333333333,
		1.2833333333333334, 1.2916666666666667, 1.2583333333333333,
		1.2166666666666666, 1.125, 1.2, 1.3333333333333333, 1.2583333333333333,
		1.3166666666666667, 1.0, 1.3666666666666667, 1.3666666666666667,
		1.2833333333333334, 1.2333333333333334, 1.2166666666666666,
		1.2583333333333333, 1.1916666666666667, 1.1416666666666666,
		0.9916666666666667, 1.3583333333333334, 1.4333333333333333, 1.5,
		1.4833333333333334, 1.25, 1.1333333333333333, 1.1416666666666666, 0.85,
		1.2666666666666666, 1.225, 1.3583333333333334, 1.05, 1.25,
		1.3583333333333334, 1.1833333333333333, 1.15, 1.4666666666666666, 1.125,
		1.1416666666666666, 1.2666666666666666, 1.1416666666666666,
		1.3583333333333334, 1.3, 1.175, 1.2333333333333334, 1.05,
		1.1833333333333333, 1.4416666666666667, 1.0166666666666666,
		1.1666666666666667, 1.3083333333333333, 1.1333333333333333,
		1.3083333333333333, 1.1583333333333334, 1.3583333333333334,
		1.2166666666666666, 1.4416666666666667, 1.1083333333333334,
		1.5333333333333334, 1.4916666666666667, 1.4833333333333334, 1.525,
		1.175, 1.3666666666666667, 1.4416666666666667, 1.35, 1.35,
		1.4666666666666666, 1.3833333333333333, 1.5916666666666666,
		1.3416666666666666, 1.8083333333333333, 1.4, 1.2916666666666667,
		1.5583333333333333, 1.45, 1.1666666666666667, 1.2666666666666666,
		1.3666666666666667, 1.1416666666666666, 1.425, 1.3666666666666667,
		1.2333333333333334, 1.5333333333333334, 1.5166666666666666, 1.25,
		1.4583333333333333, 1.475, 1.3166666666666667, 1.0416666666666667, 0.9,
		0.8833333333333333, 0.44166666666666665, 0.30833333333333335, 0.15,
		0.15833333333333333, 0.09166666666666666, 0.05, 0.08333333333333333,
		0.016666666666666666, 0.0, 0.0, 0.0, 0.0, 0.0, 0.0, 0.0, 0.0, 0.0, 0.0,
		0.0, 0.0, 0.0, 0.0, 0.0, 0.0, 0.0, 0.0, 0.0, 0.0, 0.0, 0.0, 0.0, 0.0,
		0.0, 0.0, 0.0, 0.0, 0.0, 0.0, 0.0, 0.0, 0.0, 0.0, 0.0, 0.0, 0.0, 0.0,
		0.0, 0.0, 0.0, 0.0, 0.0, 0.0, 0.0, 0.0, 0.0, 0.0, 0.0, 0.0, 0.0, 0.0,
		0.0, 0.0, 0.0, 0.0, 0.0, 0.0, 0.0, 0.0, 0.0, 0.0, 0.0, 0.0, 0.0, 0.0,
		0.0, 0.0
	],
	"balls_wickets_sum": [
		2, 2, 3, 5, 5, 7, 4, 2, 3, 5, 4, 4, 3, 5, 7, 1, 3, 2, 4, 3, 4, 5, 10, 6,
		4, 7, 7, 4, 3, 2, 3, 5, 6, 5, 7, 6, 5, 4, 5, 1, 6, 3, 5, 9, 2, 3, 3, 3,
		4, 3, 5, 6, 3, 5, 6, 4, 1, 7, 7, 8, 5, 5, 4, 4, 7, 3, 6, 5, 5, 6, 8, 1,
		6, 9, 3, 4, 2, 6, 6, 5, 5, 5, 7, 4, 3, 10, 4, 7, 7, 4, 4, 4, 3, 5, 5, 8,
		5, 5, 6, 9, 6, 8, 7, 7, 12, 4, 10, 5, 8, 9, 11, 9, 11, 6, 8, 14, 8, 10,
		13, 12, 8, 10, 6, 11, 5, 4, 3, 1, 2, 1, 0, 0, 0, 0, 0, 0, 0, 0, 0, 0, 0,
		0, 0, 0, 0, 0, 0, 0, 0, 0, 0, 0, 0, 0, 0, 0, 0, 0, 0, 0, 0, 0, 0, 0, 0,
		0, 0, 0, 0, 0, 0, 0, 0, 0, 0, 0, 0, 0, 0, 0, 0, 0, 0, 0, 0, 0, 0, 0, 0,
		0, 0, 0, 0, 0, 0, 0, 0, 0, 0, 0
	],
	"years": [
		"2007/08",
		"2009",
		"2009/10",
		"2011",
		"2012",
		"2013",
		"2014",
		"2015"
	],
	"recorded_matches": 123,
	"team": "RCB"
}
